,title,class,time
0,Suze Orman: ‘Big mistake if you park your money forever in bonds’,Top_news,"Sat, Oct 28th 2023"
1,'Earn Your Leisure' hosts: It may take $10 million to achieve 'financial freedom',Top_news,"Sat, Oct 28th 2023"
2,Amazon shares surge after earnings beat expectations. Here's what the pros say,Top_news,"Fri, Oct 27th 2023"
3,"Stocks making the biggest moves midday: Intel, Chipotle, Juniper Networks",Top_news,"Fri, Oct 27th 2023"
4,JPMorgan stock slips after bank says CEO Jamie Dimon is selling 1 million shares,Top_news,"Fri, Oct 27th 2023"
5,Elon Musk wants your 'entire financial life' on X: Report,Top_news,"Fri, Oct 27th 2023"
6,Supermarket bank branches are closing 7 times faster than other locations,Top_news,"Fri, Oct 27th 2023"
7,"Stocks making the biggest moves premarket: Amazon, Intel, Enphase Energy",Top_news,"Fri, Oct 27th 2023"
8,"Huawei's revenue barely rose in the third quarter, despite phone and car sales growth",Top_news,"Fri, Oct 27th 2023"
9,Chinese smartphone maker Xiaomi releases a new operating system,Tech,"Fri, Oct 27th 2023"
10,"Stocks making the biggest moves after hours: Intel, Chipotle, Enphase and more",Retail,"Thu, Oct 26th 2023"
11,Meta's latest earnings beat overshadowed by ad sales outlook. What the pros say,Market Insider,"Thu, Oct 26th 2023"
12,4 ways health savings accounts can be used to pay insurance premiums,China Economy,"Thu, Oct 26th 2023"
13,"Stocks making the biggest moves midday: Merck, Bristol-Myers Squibb & more",China Economy,"Thu, Oct 26th 2023"
14,Watch live: ECB President Christine Lagarde speaks after opting to hold rates,Market Insider,"Thu, Oct 26th 2023"
15,"Stocks making the biggest moves before the bell: Hasbro, Southwest, Hershey",Personal Finance,"Thu, Oct 26th 2023"
16,"From the U.S. to China, these 3 charts show top countries for fintech in 2023",Market Insider,"Thu, Oct 26th 2023"
17,"Tesla rival Xpeng presses ahead with driver-assist rollout in China, Europe",Europe Politics,"Thu, Oct 26th 2023"
18,Morgan Stanley says Ted Pick will succeed James Gorman as CEO on Jan. 1,Market Insider,"Thu, Oct 26th 2023"
19,"Stocks making the biggest moves after hours: Meta, Whirlpool, Endeavor and more",Tech,"Wed, Oct 25th 2023"
20,Alphabet plummets after cloud revenue falls short. What the pros say to do next,China Economy,"Wed, Oct 25th 2023"
21,"Morgan Stanley's stock playbook for this slowing, 'late-cycle' economy",Finance,"Wed, Oct 25th 2023"
22,"Stocks making big midday moves: Microsoft, Alphabet, Waste Management and more",Market Insider,"Wed, Oct 25th 2023"
23,"Stocks making the biggest moves premarket: Alphabet, Microsoft, Boeing and more",Market Insider,"Wed, Oct 25th 2023"
24,'Incredible alpha opportunities' ahead despite headwinds: Carlyle Group CEO,Market Insider,"Wed, Oct 25th 2023"
25,Deutsche Bank shares surge 7% after net profit beats expectations,Investing,"Wed, Oct 25th 2023"
26,"Stocks making the biggest moves after hours: Microsoft, Alphabet, Snap and more",Earnings,"Tue, Oct 24th 2023"
27,3M beats on the top and bottom lines. Here's what the pros are saying,Market Insider,"Tue, Oct 24th 2023"
28,6 health insurance terms to know as open enrollment starts,Personal Finance,"Tue, Oct 24th 2023"
29,"Stocks making biggest moves midday: Spotify, Coca-Cola, DraftKings, 3M and more",Market Insider,"Tue, Oct 24th 2023"
30,China signals more support for struggling local governments,China Economy,"Tue, Oct 24th 2023"
31,Coinbase shares rise 6% as Grayscale ETF ruling takes effect,Tech,"Tue, Oct 24th 2023"
32,Jamie Dimon rips central banks for being ‘100% dead wrong’ on economic forecasts,Economy,"Tue, Oct 24th 2023"
33,"Stocks making the biggest moves premarket: Spotify, RTX, Coca-Cola and more",Market Insider,"Tue, Oct 24th 2023"
